{"stat.walkOneCm":47101,"stat.leaveGame":5,"stat.pickup.securitycraft.electrified_iron_fence":1,"stat.talkedToVillager":14,"stat.pickup.minecraft.log":7,"stat.jump":103,"stat.fallOneCm":8734,"stat.crouchOneCm":1644,"stat.sprintOneCm":13702,"stat.useItem.minecraft.stone_slab2":256,"stat.useItem.minecraft.tallgrass":3,"stat.craftItem.minecraft.planks":28,"stat.pickup.rustic.wind_thistle":1,"stat.damageTaken":620,"stat.mineBlock.minecraft.log":7,"stat.flyOneCm":66398,"stat.deaths":2,"stat.playOneMinute":47332,"stat.sneakTime":466,"stat.timeSinceDeath":31485,"stat.mineBlock.minecraft.tallgrass":1,"stat.pickup.chiselsandbits.block_bit":1}