{"stat.walkOneCm":64310,"stat.leaveGame":5,"stat.pickup.harvestcraft.cabbageitem":1,"stat.pickup.securitycraft.electrified_iron_fence":1,"stat.pickup.harvestcraft.ryeitem":1,"stat.pickup.harvestcraft.spinachitem":1,"stat.talkedToVillager":14,"stat.pickup.minecraft.log":7,"stat.jump":157,"stat.fallOneCm":8734,"stat.crouchOneCm":1881,"stat.sprintOneCm":14708,"stat.useItem.minecraft.stone_slab2":817,"stat.useItem.minecraft.tallgrass":3,"stat.craftItem.minecraft.planks":28,"stat.pickup.rustic.wind_thistle":1,"stat.pickup.harvestcraft.broccoliitem":1,"stat.damageTaken":620,"stat.pickup.harvestcraft.rutabagaitem":1,"stat.mineBlock.minecraft.log":7,"stat.flyOneCm":102526,"stat.deaths":2,"stat.playOneMinute":71632,"stat.sneakTime":1230,"stat.timeSinceDeath":55785,"stat.pickup.harvestcraft.beetitem":1,"stat.mineBlock.minecraft.tallgrass":1,"stat.pickup.chiselsandbits.block_bit":1}