{"stat.walkOneCm":104148,"stat.leaveGame":5,"stat.pickup.harvestcraft.cabbageitem":1,"stat.drop.securitycraft.reinforced_metals":448,"stat.drop.minecraft.diamond_block":11,"stat.pickup.securitycraft.electrified_iron_fence":1,"stat.pickup.harvestcraft.ryeitem":1,"stat.pickup.harvestcraft.spinachitem":1,"stat.talkedToVillager":14,"stat.pickup.minecraft.log":7,"stat.jump":218,"stat.fallOneCm":8734,"stat.crouchOneCm":2047,"stat.sprintOneCm":16364,"stat.useItem.minecraft.stone_slab2":1322,"stat.useItem.minecraft.tallgrass":3,"stat.drop.securitycraft.reinforced_stone":1,"stat.pickup.minecraft.acacia_door":1,"stat.craftItem.minecraft.planks":28,"stat.pickup.rustic.wind_thistle":1,"stat.pickup.harvestcraft.broccoliitem":1,"stat.damageTaken":620,"stat.pickup.harvestcraft.rutabagaitem":1,"stat.useItem.minecraft.acacia_door":2,"stat.useItem.securitycraft.reinforced_stone":7,"stat.mineBlock.minecraft.log":7,"stat.flyOneCm":194186,"stat.deaths":2,"stat.drop":21,"stat.playOneMinute":107632,"stat.sneakTime":2232,"stat.timeSinceDeath":91785,"stat.pickup.harvestcraft.beetitem":1,"stat.drop.minecraft.grass":1,"stat.mineBlock.minecraft.tallgrass":1,"stat.pickup.chiselsandbits.block_bit":1}