{"stat.walkOneCm":163161,"stat.leaveGame":5,"stat.pickup.harvestcraft.cabbageitem":1,"stat.drop.securitycraft.reinforced_metals":448,"stat.drop.minecraft.diamond_block":11,"stat.pickup.securitycraft.electrified_iron_fence":1,"stat.pickup.minecraft.trapdoor":1,"stat.pickup.harvestcraft.ryeitem":1,"stat.pickup.harvestcraft.spinachitem":1,"stat.talkedToVillager":14,"stat.pickup.minecraft.log":7,"stat.jump":238,"stat.swimOneCm":687,"stat.useItem.minecraft.wooden_hoe":380,"stat.fallOneCm":10325,"stat.crouchOneCm":2079,"stat.sprintOneCm":31312,"stat.useItem.minecraft.stone_slab2":1421,"stat.useItem.minecraft.tallgrass":3,"stat.drop.securitycraft.reinforced_stone":1,"stat.useItem.minecraft.water_bucket":34,"stat.pickup.minecraft.rotten_flesh":2,"stat.pickup.minecraft.acacia_door":1,"stat.craftItem.minecraft.planks":28,"stat.pickup.rustic.wind_thistle":1,"stat.pickup.harvestcraft.broccoliitem":1,"stat.damageTaken":750,"stat.pickup.harvestcraft.rutabagaitem":1,"stat.useItem.minecraft.acacia_door":2,"stat.useItem.securitycraft.reinforced_stone":7,"stat.mineBlock.minecraft.log":7,"stat.flyOneCm":216753,"stat.deaths":2,"stat.drop":21,"stat.playOneMinute":120232,"stat.sneakTime":2470,"stat.timeSinceDeath":104385,"stat.pickup.harvestcraft.beetitem":1,"stat.drop.minecraft.grass":1,"stat.mineBlock.minecraft.tallgrass":1,"stat.pickup.chiselsandbits.block_bit":1}