{"stat.drop.usefulslime.slimesling":1,"stat.walkOneCm":108972,"stat.playerKills":2,"stat.leaveGame":3,"stat.useItem.minecraft.log":1,"stat.pickup.byg.pinesapling":3,"stat.useItem.twilightforest.fiery_sword":5,"stat.pickup.minecraft.log":1,"stat.jump":274,"stat.swimOneCm":8060,"stat.pickup.twilightforest.giant_obsidian":1,"stat.fallOneCm":894,"stat.climbOneCm":178,"stat.crouchOneCm":478,"stat.sprintOneCm":49891,"stat.useItem.minecraft.stone_slab2":18,"stat.pickup.byg.purplesage":6,"stat.pickup.paraglider.paraglider":1,"stat.pickup.rustic.tomato_seeds":2,"stat.drop.paraglider.paraglider":2,"stat.flyOneCm":302715,"stat.drop":3,"stat.pickup.minecraft.wheat_seeds":1,"stat.playOneMinute":43549,"stat.sneakTime":925,"stat.damageDealt":315,"stat.timeSinceDeath":43549,"stat.useItem.customnpcs.npcmobcloner":2,"stat.diveOneCm":2850}