{"stat.walkOneCm":396836,"stat.pickup.harvestcraft.tomatoitem":1,"stat.leaveGame":5,"stat.pickup.harvestcraft.cabbageitem":1,"stat.drop.securitycraft.reinforced_metals":448,"stat.drop.minecraft.diamond_block":11,"stat.pickup.securitycraft.electrified_iron_fence":1,"stat.pickup.minecraft.trapdoor":1,"stat.pickup.harvestcraft.ryeitem":1,"stat.pickup.harvestcraft.spinachitem":1,"stat.useItem.securitycraft.sentry":3,"stat.talkedToVillager":14,"stat.pickup.minecraft.log":7,"stat.pickup.minecraft.string":1,"stat.jump":388,"stat.swimOneCm":687,"stat.useItem.minecraft.wooden_hoe":485,"stat.fallOneCm":10325,"stat.crouchOneCm":2344,"stat.sprintOneCm":81163,"stat.useItem.minecraft.stone_slab2":2685,"stat.useItem.minecraft.tallgrass":3,"stat.drop.securitycraft.reinforced_stone":1,"stat.useItem.minecraft.water_bucket":34,"stat.pickup.minecraft.rotten_flesh":2,"stat.pickup.minecraft.acacia_door":1,"stat.craftItem.minecraft.planks":28,"stat.pickup.rustic.wind_thistle":1,"stat.pickup.harvestcraft.broccoliitem":1,"stat.useItem.minecraft.wheat_seeds":3,"stat.damageTaken":750,"stat.pickup.harvestcraft.rutabagaitem":1,"stat.useItem.minecraft.acacia_door":2,"stat.useItem.securitycraft.reinforced_stone":7,"stat.mineBlock.minecraft.log":7,"stat.useItem.customnpcs.npcwand":1,"stat.flyOneCm":346040,"stat.deaths":2,"stat.drop":22,"stat.pickup.minecraft.wheat_seeds":10,"stat.playOneMinute":204832,"stat.pickup.harvestcraft.raspberryitem":3,"stat.sneakTime":3022,"stat.timeSinceDeath":188985,"stat.pickup.harvestcraft.beetitem":1,"stat.drop.minecraft.grass":2,"stat.mineBlock.minecraft.tallgrass":1,"stat.useItem.minecraft.iron_shovel":65,"stat.pickup.chiselsandbits.block_bit":1}