{"stat.useItem.harvestcraft.bbqplatteritem":1,"stat.useItem.props.props":5,"stat.pickup.harvestcraft.tomatoitem":1,"stat.leaveGame":12,"stat.pickup.securitycraft.electrified_iron_fence":1,"stat.pickup.harvestcraft.ryeitem":1,"stat.useItem.securitycraft.sentry":8,"stat.jump":649,"stat.swimOneCm":687,"stat.useItem.minecraft.wooden_hoe":485,"stat.fallOneCm":10325,"stat.crouchOneCm":6361,"stat.useItem.minecraft.stone_slab2":3677,"stat.drop.securitycraft.reinforced_stone":1,"stat.useItem.minecraft.water_bucket":34,"stat.pickup.minecraft.rotten_flesh":2,"stat.pickup.rustic.wind_thistle":1,"stat.pickup.harvestcraft.broccoliitem":1,"stat.damageTaken":850,"stat.useItem.minecraft.acacia_door":2,"stat.useItem.securitycraft.reinforced_stone":7,"stat.useItem.customnpcs.npcwand":7,"stat.flyOneCm":459148,"stat.pickup.minecraft.wheat_seeds":10,"stat.damageDealt":57,"stat.timeSinceDeath":348554,"stat.useItem.customnpcs.npcmobcloner":2,"stat.useItem.minecraft.iron_shovel":65,"stat.pickup.chiselsandbits.block_bit":1,"stat.walkOneCm":635067,"stat.pickup.harvestcraft.cabbageitem":1,"stat.drop.securitycraft.reinforced_metals":448,"stat.drop.minecraft.diamond_block":11,"stat.pickup.minecraft.trapdoor":1,"stat.pickup.harvestcraft.spinachitem":1,"stat.talkedToVillager":14,"stat.pickup.minecraft.log":7,"stat.pickup.minecraft.string":1,"stat.sprintOneCm":162648,"stat.useItem.minecraft.tallgrass":3,"stat.pickup.minecraft.acacia_door":1,"stat.craftItem.minecraft.planks":28,"stat.useItem.minecraft.wheat_seeds":3,"stat.pickup.harvestcraft.rutabagaitem":1,"stat.mineBlock.minecraft.log":7,"stat.deaths":2,"stat.drop":22,"stat.playOneMinute":364401,"stat.pickup.harvestcraft.raspberryitem":3,"stat.sneakTime":6869,"stat.pickup.harvestcraft.beetitem":1,"stat.drop.minecraft.grass":2,"stat.mineBlock.minecraft.tallgrass":1}