{"stat.walkOneCm":41340,"stat.leaveGame":6,"stat.pickup.byg.pinesapling":7,"stat.pickup.minecraft.log":6,"stat.useItem.minecraft.rotten_flesh":2,"stat.jump":245,"stat.swimOneCm":2536,"stat.fallOneCm":6916,"stat.pickup.minecraft.beef":1,"stat.crouchOneCm":1101,"stat.pickup.minecraft.sapling":1,"stat.sprintOneCm":34801,"stat.useItem.minecraft.stone_slab2":147,"stat.drop.minecraft.leather":2,"stat.pickup.minecraft.rotten_flesh":2,"stat.pickup.paraglider.paraglider":2,"stat.craftItem.minecraft.planks":16,"stat.useItem.minecraft.flint_and_steel":2,"stat.damageTaken":1300,"stat.pickup.minecraft.leather":2,"stat.mobKills":3,"stat.drop.paraglider.paraglider":1,"stat.mineBlock.minecraft.log":7,"stat.pickup.usefulslime.slimesling":1,"stat.useItem.minecraft.beef":1,"stat.flyOneCm":232595,"stat.deaths":3,"stat.drop":5,"stat.pickup.minecraft.wheat_seeds":2,"stat.mineBlock.minecraft.leaves":1,"stat.playOneMinute":23132,"stat.entityKilledBy.Zombie":1,"stat.drop.minecraft.wheat_seeds":1,"stat.sneakTime":393,"stat.drop.twilightforest.giant_obsidian":1,"stat.damageDealt":227,"stat.killEntity.Zombie":1,"stat.timeSinceDeath":14111,"stat.killEntity.Cow":1,"stat.mineBlock.minecraft.tallgrass":4,"stat.diveOneCm":717}